Frame count,Player 1 Keypoints,Player 2 Keypoints,Ball Position,Shot Type,Player 1 RL World Position,Player 2 RL World Position,Ball RL World Position,Who Hit the Ball
2,"[[[    0.29679     0.66552]
  [    0.29855      0.6571]
  [          0           0]
  [    0.30716      0.6514]
  [          0           0]
  [    0.32732     0.67631]
  [    0.31577     0.67906]
  [     0.3493     0.72266]
  [          0           0]
  [    0.33535     0.75611]
  [    0.30725     0.75279]
  [    0.34435     0.77491]
  [    0.33705     0.77438]
  [     0.3235     0.84834]
  [    0.32117      0.8472]
  [    0.34167     0.93211]
  [    0.33864     0.92668]]]","[[[    0.41714     0.58216]
  [    0.42029     0.57457]
  [          0           0]
  [    0.42923     0.57572]
  [          0           0]
  [    0.43103     0.61555]
  [    0.45814     0.61013]
  [    0.42575     0.67606]
  [    0.47257      0.6671]
  [    0.41407       0.726]
  [    0.46437     0.71893]
  [    0.44676     0.72019]
  [    0.46496     0.71776]
  [    0.44761      0.7964]
  [    0.46772     0.79366]
  [    0.46453     0.87986]
  [    0.48446     0.87223]]]","[0, 0]"
3,"[[[    0.29082     0.66874]
  [    0.29179     0.65965]
  [          0           0]
  [    0.29974     0.65314]
  [          0           0]
  [    0.32003     0.67589]
  [    0.30935     0.68018]
  [    0.34008     0.72137]
  [          0           0]
  [    0.32937      0.7571]
  [    0.31489     0.75675]
  [    0.34227     0.77827]
  [    0.33492     0.77886]
  [    0.31734     0.84666]
  [    0.31455     0.84616]
  [    0.32941     0.93299]
  [    0.32604     0.92914]]]","[[[    0.41952     0.58356]
  [    0.42288     0.57482]
  [          0           0]
  [    0.43263      0.5774]
  [          0           0]
  [    0.42874     0.61821]
  [    0.45979     0.60717]
  [    0.42267     0.67754]
  [    0.47681     0.66063]
  [    0.41572     0.72669]
  [          0           0]
  [    0.44517     0.71693]
  [    0.46659     0.71283]
  [    0.44781     0.79672]
  [     0.4776     0.78854]
  [    0.46142     0.88131]
  [    0.49012     0.86774]]]","[0, 0]"
4,"[[[    0.28471     0.66731]
  [    0.28687     0.65884]
  [          0           0]
  [    0.29574      0.6566]
  [          0           0]
  [    0.31024     0.68124]
  [    0.29808     0.69061]
  [     0.3348     0.71977]
  [    0.31516     0.73453]
  [    0.32826     0.75955]
  [    0.31307     0.76728]
  [     0.3341     0.77481]
  [      0.326     0.77717]
  [    0.30946     0.85104]
  [    0.30668     0.85149]
  [    0.33012     0.92852]
  [    0.32486     0.92022]]]","[[[    0.42194     0.57437]
  [     0.4254     0.56552]
  [          0           0]
  [    0.43438     0.57063]
  [          0           0]
  [     0.4303     0.61388]
  [    0.46276     0.60374]
  [    0.42367     0.67412]
  [    0.47761     0.65926]
  [    0.41824     0.72044]
  [          0           0]
  [    0.44787     0.71425]
  [    0.47089     0.71073]
  [    0.45044     0.79233]
  [    0.48282     0.78449]
  [    0.46294     0.87684]
  [    0.49625     0.86343]]]","[0, 0]"
5,"[[[     0.2847     0.66729]
  [    0.28685     0.65881]
  [          0           0]
  [     0.2957     0.65659]
  [          0           0]
  [    0.31026     0.68127]
  [    0.29815     0.69062]
  [    0.33482     0.71983]
  [    0.31521     0.73451]
  [    0.32823     0.75959]
  [    0.31308     0.76729]
  [    0.33408      0.7749]
  [    0.32601     0.77723]
  [    0.30944     0.85108]
  [    0.30667     0.85152]
  [    0.33007     0.92845]
  [     0.3248     0.92021]]]","[[[    0.42194     0.57449]
  [    0.42539     0.56562]
  [          0           0]
  [    0.43431     0.57071]
  [          0           0]
  [    0.43026     0.61393]
  [    0.46274     0.60378]
  [    0.42365     0.67419]
  [    0.47757     0.65927]
  [    0.41824     0.72062]
  [          0           0]
  [    0.44786      0.7143]
  [    0.47089      0.7108]
  [    0.45054     0.79237]
  [    0.48289      0.7846]
  [    0.46306     0.87693]
  [    0.49632     0.86364]]]","[0, 0]"
6,"[[[    0.27811     0.66894]
  [    0.28027     0.66024]
  [          0           0]
  [    0.28891     0.65834]
  [          0           0]
  [    0.30663     0.68449]
  [    0.28745     0.69291]
  [    0.33231      0.7247]
  [    0.30249      0.7361]
  [    0.32258     0.75916]
  [    0.29996     0.76973]
  [    0.33102     0.78048]
  [    0.31712     0.78195]
  [    0.30883     0.85364]
  [      0.292     0.85225]
  [     0.3297     0.93629]
  [    0.30701     0.92713]]]","[[[          0           0]
  [          0           0]
  [          0           0]
  [    0.43413     0.56515]
  [          0           0]
  [    0.43325     0.60702]
  [     0.4647     0.59684]
  [    0.42416     0.66249]
  [    0.47885     0.65472]
  [    0.41798     0.69365]
  [          0           0]
  [    0.45236     0.71244]
  [     0.4743       0.709]
  [    0.45154     0.79261]
  [    0.48002     0.78468]
  [    0.46053     0.87438]
  [    0.49159     0.86362]]]","[0, 0]"
7,"[[[    0.27425     0.67767]
  [    0.27509     0.66881]
  [          0           0]
  [    0.28192     0.66332]
  [          0           0]
  [    0.29995     0.68298]
  [    0.28984     0.69075]
  [    0.32528     0.72595]
  [          0           0]
  [    0.31686      0.7577]
  [    0.30487     0.75356]
  [    0.32354     0.77965]
  [    0.31524      0.7823]
  [    0.30585     0.84628]
  [     0.2913     0.84805]
  [    0.32269     0.93607]
  [    0.29998     0.93513]]]","[[[          0           0]
  [    0.43005     0.55258]
  [          0           0]
  [    0.43751     0.55726]
  [          0           0]
  [    0.43682     0.60081]
  [    0.46837     0.59061]
  [    0.42692     0.65669]
  [     0.4824     0.65181]
  [    0.41815     0.67416]
  [          0           0]
  [    0.45399     0.71015]
  [    0.47581     0.70614]
  [    0.45184     0.79141]
  [    0.47952     0.78239]
  [     0.4595     0.87307]
  [    0.48877     0.86052]]]","[0, 0]"
8,"[[[    0.26071     0.69157]
  [    0.26129     0.68319]
  [          0           0]
  [    0.27027     0.67601]
  [          0           0]
  [    0.29119     0.69302]
  [    0.28578     0.69409]
  [     0.3097     0.73921]
  [          0           0]
  [    0.30194     0.76445]
  [          0           0]
  [    0.32013     0.78007]
  [    0.31629     0.77941]
  [     0.2915      0.8507]
  [    0.29376     0.84918]
  [    0.29992     0.94026]
  [    0.30375     0.93448]]]","[[[          0           0]
  [          0           0]
  [          0           0]
  [    0.43989     0.55467]
  [          0           0]
  [     0.4408     0.59697]
  [    0.47019     0.58979]
  [     0.4301     0.65428]
  [    0.47965     0.64334]
  [    0.41558     0.67069]
  [    0.46564       0.666]
  [    0.45713     0.71023]
  [    0.47706     0.70671]
  [    0.45252     0.78116]
  [    0.47893     0.77789]
  [    0.46105     0.86917]
  [    0.48755     0.86099]]]","[0, 0]"
9,"[[[    0.25477     0.70448]
  [    0.25484     0.69558]
  [          0           0]
  [    0.26276     0.68411]
  [          0           0]
  [    0.28482     0.69998]
  [     0.2803       0.697]
  [    0.30032     0.74787]
  [    0.29276     0.74695]
  [    0.29433     0.78189]
  [    0.28547      0.7745]
  [    0.31374     0.78801]
  [    0.31018     0.78608]
  [    0.28977       0.869]
  [    0.28811     0.86616]
  [      0.293     0.94547]
  [    0.28672     0.93663]]]","[[[    0.43258     0.55751]
  [    0.43537       0.548]
  [          0           0]
  [    0.44472     0.55027]
  [          0           0]
  [    0.44439     0.59285]
  [    0.47448     0.58367]
  [    0.43185     0.64893]
  [          0           0]
  [    0.42169     0.65799]
  [          0           0]
  [    0.45889     0.70615]
  [    0.47942     0.70228]
  [    0.45609     0.78769]
  [     0.4803     0.78107]
  [    0.46185     0.86803]
  [    0.48221     0.85732]]]","[0, 0]"
10,"[[[          0           0]
  [    0.24734     0.70316]
  [          0           0]
  [    0.25206     0.69393]
  [          0           0]
  [    0.27472     0.71126]
  [    0.27709     0.70349]
  [     0.2911     0.76552]
  [    0.28871     0.75858]
  [    0.28236     0.79484]
  [    0.27953     0.78565]
  [    0.30697     0.79679]
  [    0.30843     0.79305]
  [    0.28352     0.87873]
  [    0.28747     0.87431]
  [    0.28826       0.948]
  [    0.28978      0.9358]]]","[[[    0.43564     0.55755]
  [    0.43776        0.55]
  [          0           0]
  [    0.44509     0.55175]
  [          0           0]
  [    0.44667     0.59287]
  [     0.4744     0.58635]
  [    0.43641     0.64779]
  [    0.48068     0.63881]
  [    0.42095     0.65211]
  [          0           0]
  [    0.46148     0.70263]
  [    0.47992     0.69896]
  [     0.4546      0.7767]
  [    0.47595     0.77377]
  [    0.46388     0.86377]
  [    0.48239     0.85516]]]","[0, 0]"
11,"[[[          0           0]
  [    0.24727     0.70324]
  [          0           0]
  [    0.25199     0.69404]
  [          0           0]
  [    0.27475     0.71141]
  [    0.27699     0.70353]
  [    0.29124     0.76575]
  [    0.28863     0.75866]
  [    0.28235     0.79495]
  [    0.27958     0.78565]
  [    0.30691     0.79706]
  [     0.3085     0.79327]
  [     0.2826     0.87895]
  [    0.28823     0.87445]
  [    0.28675     0.94819]
  [    0.29122     0.93589]]]","[[[    0.43635     0.55955]
  [    0.43819     0.55185]
  [          0           0]
  [    0.44503     0.55365]
  [          0           0]
  [    0.44691     0.59532]
  [     0.4751     0.58893]
  [    0.43707     0.64981]
  [    0.48169     0.64059]
  [    0.42156     0.65296]
  [          0           0]
  [    0.46047     0.70665]
  [    0.47953     0.70294]
  [    0.45438     0.77455]
  [    0.47884     0.77152]
  [    0.46228     0.86213]
  [    0.48566     0.85392]]]","[0, 0]"
12,"[[[    0.24442     0.72901]
  [    0.24364     0.72085]
  [          0           0]
  [    0.24882     0.71001]
  [          0           0]
  [    0.27055     0.72411]
  [    0.26936     0.72311]
  [    0.28598     0.77783]
  [    0.28118     0.77837]
  [    0.27445     0.80776]
  [    0.26791     0.79847]
  [    0.30331      0.8059]
  [    0.29977       0.805]
  [    0.28644     0.88232]
  [    0.26869     0.88097]
  [    0.30292     0.94884]
  [    0.26797     0.94095]]]","[[[    0.44203     0.56165]
  [    0.44466     0.55406]
  [          0           0]
  [    0.45321     0.55398]
  [          0           0]
  [    0.46172     0.59012]
  [    0.46622     0.58832]
  [    0.45938     0.63707]
  [    0.46289     0.63268]
  [    0.44357     0.63728]
  [    0.43962     0.63935]
  [    0.47139     0.69757]
  [    0.47536     0.69498]
  [    0.46234      0.7709]
  [    0.47503     0.76842]
  [    0.47009     0.85134]
  [    0.48486      0.8456]]]","[0, 0]"
13,"[[[    0.24349     0.74314]
  [    0.24381     0.73338]
  [          0           0]
  [    0.24757     0.72375]
  [          0           0]
  [    0.26818     0.74023]
  [    0.24638     0.73632]
  [    0.28953     0.79834]
  [    0.23684     0.78091]
  [    0.26625     0.81657]
  [    0.23269     0.80739]
  [    0.29401      0.8199]
  [    0.27892     0.81776]
  [    0.27421     0.89351]
  [      0.256     0.88653]
  [    0.29963     0.95578]
  [    0.26499     0.94848]]]","[[[    0.44222        0.56]
  [    0.44494     0.55249]
  [          0           0]
  [    0.45385     0.55405]
  [          0           0]
  [    0.45985     0.59186]
  [     0.4751     0.58684]
  [    0.45671     0.64282]
  [          0           0]
  [    0.44437     0.64602]
  [          0           0]
  [    0.47207     0.69521]
  [    0.48339     0.69144]
  [    0.45876     0.76296]
  [    0.48042     0.75943]
  [     0.4653     0.84314]
  [    0.49051     0.83576]]]","[0, 0]"
14,"[[[          0           0]
  [          0           0]
  [          0           0]
  [    0.23464     0.73372]
  [          0           0]
  [    0.25069     0.75621]
  [    0.25647     0.72903]
  [    0.26742     0.80094]
  [    0.26717      0.7281]
  [    0.25471     0.80937]
  [    0.26539     0.73062]
  [    0.28848     0.82597]
  [    0.28881     0.81442]
  [     0.2735     0.89937]
  [    0.25814     0.88019]
  [    0.30173     0.95294]
  [    0.26215       0.935]]]","[[[    0.44298     0.55832]
  [    0.44583     0.55095]
  [          0           0]
  [    0.45601     0.55211]
  [          0           0]
  [    0.46356     0.58698]
  [    0.47195     0.58453]
  [    0.46314     0.63503]
  [          0           0]
  [      0.451     0.63513]
  [          0           0]
  [    0.47508     0.68692]
  [    0.48231     0.68408]
  [    0.45752     0.75025]
  [    0.47771     0.74732]
  [    0.46573     0.82978]
  [    0.49133     0.82377]]]","[0, 0]"
15,"[[[    0.22814     0.75671]
  [    0.22867     0.74851]
  [          0           0]
  [     0.2339     0.74331]
  [          0           0]
  [    0.25187     0.76042]
  [    0.24475     0.77289]
  [     0.2771     0.78423]
  [    0.25981     0.81968]
  [    0.27109     0.79501]
  [    0.24477     0.84868]
  [    0.28425     0.84384]
  [    0.27942     0.84924]
  [     0.2642     0.89392]
  [    0.25742     0.89721]
  [    0.28431     0.95308]
  [    0.27293     0.95496]]]","[[[    0.44371     0.55302]
  [     0.4469     0.54597]
  [          0           0]
  [    0.45641     0.54889]
  [          0           0]
  [    0.46028     0.58593]
  [    0.47971     0.58067]
  [    0.45852     0.64035]
  [          0           0]
  [    0.44973     0.64708]
  [          0           0]
  [    0.47398     0.68114]
  [    0.48833     0.67716]
  [    0.45124     0.74055]
  [    0.47884     0.73647]
  [    0.45978     0.82615]
  [    0.49422     0.81843]]]","[0, 0]"
16,"[[[    0.23051     0.76904]
  [    0.23193     0.76209]
  [          0           0]
  [    0.23822     0.75662]
  [          0           0]
  [    0.25442     0.77504]
  [    0.24831     0.77223]
  [      0.259     0.82013]
  [          0           0]
  [    0.24882     0.85264]
  [    0.24735     0.85336]
  [    0.28727      0.8433]
  [    0.28475     0.84193]
  [    0.24984     0.88716]
  [    0.26267     0.88415]
  [    0.26857     0.95442]
  [    0.28946     0.94569]]]","[[[    0.44334     0.54811]
  [    0.44659     0.54099]
  [          0           0]
  [     0.4565     0.54344]
  [          0           0]
  [    0.45773     0.57883]
  [    0.47908     0.57426]
  [     0.4564     0.62818]
  [    0.49698     0.62141]
  [     0.4571     0.64914]
  [          0           0]
  [    0.47331     0.67401]
  [    0.48791     0.67133]
  [    0.45758        0.74]
  [    0.48198     0.73727]
  [    0.46362     0.82354]
  [    0.49168     0.81792]]]","[0, 0]"
17,"[[[    0.23053     0.76907]
  [    0.23197     0.76212]
  [          0           0]
  [    0.23829     0.75664]
  [          0           0]
  [    0.25448     0.77511]
  [    0.24838     0.77218]
  [    0.25896     0.82059]
  [          0           0]
  [    0.24878     0.85331]
  [     0.2474      0.8534]
  [    0.28732     0.84325]
  [    0.28479     0.84182]
  [    0.24993     0.88713]
  [    0.26263     0.88408]
  [    0.26872     0.95444]
  [    0.28935     0.94563]]]","[[[    0.44338     0.54812]
  [    0.44665     0.54099]
  [          0           0]
  [     0.4566     0.54344]
  [          0           0]
  [    0.45789     0.57884]
  [    0.47894     0.57436]
  [    0.45661     0.62811]
  [    0.49684     0.62147]
  [    0.45726     0.64887]
  [          0           0]
  [    0.47334     0.67401]
  [    0.48774     0.67137]
  [    0.45778     0.74017]
  [    0.48192     0.73749]
  [    0.46382     0.82349]
  [    0.49152     0.81793]]]","[0, 0]"
18,"[[[          0           0]
  [          0           0]
  [          0           0]
  [    0.23165     0.74958]
  [          0           0]
  [     0.2447     0.77651]
  [    0.25332     0.76327]
  [    0.25183     0.84601]
  [    0.25647      0.8176]
  [    0.24144      0.8838]
  [    0.24337     0.86025]
  [    0.28204     0.84728]
  [    0.29089     0.84071]
  [    0.23934     0.90823]
  [    0.26737     0.89599]
  [    0.25925     0.96453]
  [    0.29719     0.94887]]]","[[[    0.44793     0.53602]
  [    0.45137     0.52847]
  [          0           0]
  [    0.46018     0.53052]
  [          0           0]
  [    0.46491     0.56526]
  [    0.47076     0.56405]
  [    0.47823     0.60886]
  [    0.49152     0.60724]
  [    0.48408     0.63277]
  [    0.49698     0.62078]
  [    0.47736     0.66469]
  [    0.48317     0.66363]
  [     0.4577     0.73419]
  [    0.48168     0.73286]
  [     0.4619     0.81836]
  [    0.49475     0.81474]]]","[0, 0]"
19,"[[[    0.22666     0.75484]
  [    0.22887     0.74637]
  [          0           0]
  [    0.23546     0.74646]
  [          0           0]
  [     0.2427     0.77604]
  [    0.24431     0.76531]
  [    0.25221     0.86374]
  [    0.24587     0.84535]
  [    0.25696     0.90358]
  [    0.25496     0.89926]
  [    0.28131     0.83492]
  [    0.28406     0.83028]
  [    0.23584     0.89423]
  [    0.25104      0.8834]
  [    0.27047     0.95783]
  [    0.28011     0.94876]]]","[[[          0           0]
  [          0           0]
  [          0           0]
  [    0.45559     0.52494]
  [          0           0]
  [    0.45411     0.56246]
  [    0.48162     0.55638]
  [    0.45063     0.61071]
  [     0.5014     0.60205]
  [    0.45262      0.6372]
  [    0.50793      0.6281]
  [    0.46849     0.66209]
  [    0.48782      0.6588]
  [    0.45252     0.72951]
  [    0.48518     0.72639]
  [    0.45489      0.8114]
  [    0.49469     0.80534]]]","[0, 0]"
20,"[[[          0           0]
  [    0.23996     0.76842]
  [          0           0]
  [    0.24698      0.7637]
  [          0           0]
  [    0.25425     0.78451]
  [    0.27174     0.77353]
  [      0.247     0.84605]
  [          0           0]
  [    0.24154     0.88636]
  [          0           0]
  [    0.28094      0.8446]
  [    0.29415     0.84021]
  [       0.25     0.89531]
  [     0.2692     0.89126]
  [    0.26197     0.96522]
  [    0.28342       0.954]]]","[[[          0           0]
  [          0           0]
  [          0           0]
  [    0.45594     0.52213]
  [    0.46635     0.51816]
  [     0.4524     0.56043]
  [    0.48352      0.5536]
  [    0.44789     0.61051]
  [    0.50262     0.60105]
  [    0.45177     0.63784]
  [    0.50938     0.62865]
  [    0.46551     0.65852]
  [    0.48771     0.65524]
  [    0.45116      0.7316]
  [     0.4888     0.72872]
  [    0.44855     0.81272]
  [    0.49544     0.80701]]]","[0, 0]"
21,"[[[    0.22646     0.76371]
  [    0.22729     0.75655]
  [          0           0]
  [    0.23386      0.7529]
  [          0           0]
  [    0.24515      0.7758]
  [    0.25873     0.75464]
  [    0.24939     0.84854]
  [          0           0]
  [    0.24636      0.8826]
  [          0           0]
  [    0.28256     0.84297]
  [     0.2936     0.83299]
  [    0.23922     0.88913]
  [     0.2603      0.8725]
  [    0.25808     0.96083]
  [    0.28191     0.94177]]]","[[[          0           0]
  [          0           0]
  [          0           0]
  [    0.45378     0.52576]
  [    0.46717      0.5204]
  [    0.45099     0.56246]
  [    0.48408     0.55356]
  [    0.44616     0.61279]
  [    0.50317     0.60091]
  [     0.4495     0.64038]
  [    0.50874     0.63055]
  [    0.46575     0.65841]
  [    0.49007     0.65416]
  [    0.44562     0.72857]
  [    0.49287     0.72474]
  [    0.43853     0.80726]
  [    0.49996      0.8001]]]","[0, 0]"
22,"[[[    0.22896     0.74945]
  [    0.22992     0.74199]
  [          0           0]
  [    0.23662     0.73761]
  [          0           0]
  [    0.24715     0.76169]
  [    0.26464     0.73422]
  [    0.25091     0.82816]
  [    0.28332      0.7634]
  [    0.24641     0.85471]
  [    0.28202     0.78298]
  [    0.28456     0.83447]
  [    0.29664     0.82138]
  [    0.24404     0.89261]
  [    0.26353     0.87274]
  [    0.25698      0.9673]
  [    0.27737     0.94653]]]","[[[          0           0]
  [          0           0]
  [          0           0]
  [    0.45126     0.52961]
  [     0.4678     0.52344]
  [    0.44793     0.56551]
  [     0.4838     0.55524]
  [    0.44425     0.61542]
  [    0.50292     0.60304]
  [    0.45066     0.64143]
  [    0.50895     0.63161]
  [    0.46366     0.65933]
  [    0.49025      0.6548]
  [    0.44361     0.73023]
  [    0.49489     0.72638]
  [    0.43397      0.8054]
  [    0.50117     0.79789]]]","[0, 0]"
23,"[[[    0.22879      0.7494]
  [    0.22971       0.742]
  [          0           0]
  [    0.23638     0.73783]
  [          0           0]
  [    0.24695     0.76206]
  [    0.26469     0.73407]
  [     0.2509     0.82881]
  [    0.28329     0.76286]
  [    0.24634     0.85501]
  [    0.28189     0.78198]
  [    0.28448      0.8347]
  [    0.29676     0.82138]
  [    0.24404     0.89281]
  [    0.26368     0.87251]
  [    0.25691     0.96741]
  [     0.2776     0.94603]]]","[[[          0           0]
  [          0           0]
  [          0           0]
  [    0.45124     0.52963]
  [    0.46781     0.52346]
  [    0.44791     0.56551]
  [    0.48379     0.55524]
  [    0.44426     0.61539]
  [    0.50292     0.60304]
  [     0.4507     0.64143]
  [    0.50896     0.63162]
  [    0.46365     0.65931]
  [    0.49025     0.65478]
  [    0.44361     0.73015]
  [    0.49487      0.7263]
  [    0.43402     0.80536]
  [    0.50118     0.79786]]]","[0, 0]"
24,"[[[          0           0]
  [          0           0]
  [          0           0]
  [    0.23355     0.72241]
  [          0           0]
  [    0.24262     0.75386]
  [    0.27557     0.72124]
  [    0.25482     0.82201]
  [    0.30566     0.75931]
  [    0.25052     0.82195]
  [    0.31645     0.78231]
  [    0.28552     0.83783]
  [      0.304     0.82206]
  [    0.26078     0.90697]
  [    0.26015     0.87739]
  [    0.28012     0.97918]
  [    0.26021     0.94624]]]","[[[          0           0]
  [          0           0]
  [          0           0]
  [    0.45317     0.53474]
  [    0.46753     0.52981]
  [    0.44896     0.57141]
  [    0.48233     0.56307]
  [    0.44719     0.62039]
  [    0.50084     0.60948]
  [     0.4549     0.64971]
  [     0.5068     0.64001]
  [     0.4617     0.66203]
  [    0.48803     0.65832]
  [    0.44148     0.73172]
  [    0.49832     0.72834]
  [    0.43047     0.80396]
  [    0.50993     0.79754]]]","[0, 0]"
25,"[[[          0           0]
  [          0           0]
  [          0           0]
  [    0.24437     0.70605]
  [          0           0]
  [    0.25287     0.73974]
  [    0.28542     0.70038]
  [    0.26557     0.79556]
  [     0.3136     0.72392]
  [     0.2585     0.78975]
  [    0.32648     0.76091]
  [    0.29016      0.8271]
  [     0.3081     0.80713]
  [    0.26938     0.90508]
  [     0.2685     0.86695]
  [    0.28485     0.95893]
  [    0.26393     0.91911]]]","[[[          0           0]
  [          0           0]
  [          0           0]
  [    0.45376     0.54673]
  [          0           0]
  [    0.45163     0.58139]
  [    0.48729     0.57394]
  [    0.44478     0.63379]
  [    0.50523       0.631]
  [    0.44676     0.64149]
  [    0.50567     0.65222]
  [    0.46265     0.67737]
  [    0.49199     0.67266]
  [    0.43736     0.74076]
  [    0.49784     0.73262]
  [    0.42259     0.81589]
  [    0.51268      0.8062]]]","[0, 0]"
26,"[[[          0           0]
  [          0           0]
  [          0           0]
  [    0.25047     0.68581]
  [    0.27081     0.67273]
  [    0.26047     0.71765]
  [    0.29314     0.69377]
  [    0.26502     0.77325]
  [    0.33221     0.73691]
  [    0.25999     0.79097]
  [    0.34534     0.76084]
  [    0.28729     0.82151]
  [      0.307      0.8094]
  [    0.26489     0.90171]
  [     0.2881      0.8886]
  [    0.26804     0.97451]
  [    0.28977     0.95309]]]","[[[          0           0]
  [          0           0]
  [          0           0]
  [    0.45565     0.55718]
  [    0.47259     0.55049]
  [    0.45121     0.59307]
  [    0.48595     0.58333]
  [    0.44282     0.64568]
  [    0.50314     0.63853]
  [    0.44423      0.6526]
  [    0.50758     0.66143]
  [    0.46277     0.68872]
  [    0.49141     0.68378]
  [    0.43898     0.74725]
  [    0.49993     0.73814]
  [    0.42394     0.81893]
  [    0.51537       0.809]]]","[0, 0]"
27,"[[[          0           0]
  [          0           0]
  [          0           0]
  [    0.27131     0.66201]
  [          0           0]
  [    0.27691     0.70166]
  [    0.30957     0.67743]
  [    0.26797     0.75822]
  [     0.3361     0.72209]
  [    0.26723     0.75761]
  [    0.34543     0.75714]
  [    0.29565     0.81209]
  [    0.31189     0.79831]
  [    0.27821     0.90295]
  [     0.2702     0.88134]
  [     0.2967     0.96731]
  [    0.26706      0.9484]]]","[[[          0           0]
  [          0           0]
  [          0           0]
  [    0.46025     0.57168]
  [    0.47619     0.56629]
  [    0.45242     0.60891]
  [    0.48906     0.60145]
  [     0.4414     0.66585]
  [    0.50397     0.66289]
  [    0.44062     0.68152]
  [    0.50789      0.6936]
  [    0.46045     0.70296]
  [    0.49089     0.69936]
  [    0.43958     0.75152]
  [    0.50562     0.74481]
  [    0.42291     0.82162]
  [     0.5193     0.81562]]]","[0, 0]"
28,"[[[          0           0]
  [          0           0]
  [          0           0]
  [    0.26832     0.65144]
  [          0           0]
  [    0.27353     0.69001]
  [     0.3126     0.67191]
  [    0.27564     0.74241]
  [    0.34284     0.71602]
  [    0.27585      0.7598]
  [    0.35152     0.73741]
  [     0.2955     0.79706]
  [    0.31894     0.78775]
  [     0.2862     0.88534]
  [     0.3006     0.87627]
  [    0.29154     0.96918]
  [     0.2959     0.95335]]]","[[[          0           0]
  [          0           0]
  [          0           0]
  [    0.46522     0.58255]
  [    0.47984     0.57862]
  [     0.4568     0.61514]
  [     0.4925     0.61041]
  [    0.44275     0.67037]
  [    0.50342     0.66905]
  [    0.43682     0.70413]
  [    0.50392     0.70294]
  [    0.46198     0.70187]
  [    0.49201     0.69981]
  [    0.44237     0.74437]
  [    0.50811     0.74133]
  [    0.42409     0.81668]
  [    0.51849     0.81374]]]","[0, 0]"
29,"[[[          0           0]
  [          0           0]
  [          0           0]
  [    0.26838     0.65156]
  [          0           0]
  [    0.27352     0.68985]
  [    0.31256     0.67196]
  [    0.27545     0.74205]
  [    0.34269     0.71592]
  [    0.27564     0.75884]
  [    0.35138     0.73662]
  [    0.29541     0.79686]
  [    0.31877     0.78763]
  [    0.28617     0.88489]
  [    0.30016     0.87589]
  [     0.2918     0.96834]
  [    0.29541     0.95263]]]","[[[          0           0]
  [          0           0]
  [          0           0]
  [    0.46521     0.58232]
  [    0.47975     0.57836]
  [    0.45666     0.61485]
  [    0.49242     0.61008]
  [     0.4426     0.66998]
  [     0.5033     0.66866]
  [    0.43682     0.70349]
  [    0.50404     0.70242]
  [    0.46178     0.70124]
  [    0.49186     0.69917]
  [    0.44221     0.74408]
  [    0.50813     0.74096]
  [    0.42406      0.8164]
  [    0.51862     0.81331]]]","[0, 0]"
30,"[[[          0           0]
  [          0           0]
  [          0           0]
  [    0.27774     0.64016]
  [      0.297     0.63126]
  [    0.27584     0.68587]
  [      0.318     0.66134]
  [    0.27308      0.7437]
  [    0.34283     0.70375]
  [    0.27514     0.74979]
  [      0.351     0.73867]
  [    0.30325     0.79116]
  [    0.32809     0.77899]
  [    0.28926     0.87715]
  [    0.29771     0.85622]
  [    0.30825     0.95463]
  [    0.29999     0.93704]]]","[[[          0           0]
  [          0           0]
  [          0           0]
  [    0.47403      0.5895]
  [    0.48875     0.59056]
  [    0.46106     0.62537]
  [    0.49871     0.62758]
  [    0.44921     0.67328]
  [    0.51138     0.67818]
  [    0.45212     0.70742]
  [    0.51124     0.71071]
  [    0.46393     0.71963]
  [    0.49461     0.72105]
  [    0.44192     0.73753]
  [    0.51184     0.73937]
  [    0.42385     0.80418]
  [     0.5235     0.80666]]]","[0, 0]"
31,"[[[          0           0]
  [          0           0]
  [          0           0]
  [    0.28518     0.63144]
  [    0.30531     0.62186]
  [    0.28367     0.67608]
  [    0.32502     0.65931]
  [    0.27588     0.73245]
  [    0.35507     0.70889]
  [    0.26975     0.76029]
  [    0.36049     0.74366]
  [    0.30635      0.7841]
  [     0.3302     0.77617]
  [    0.30068     0.86394]
  [    0.31157     0.85612]
  [    0.31073     0.95314]
  [    0.30708      0.9396]]]","[[[          0           0]
  [          0           0]
  [          0           0]
  [    0.48312     0.59278]
  [    0.49834     0.59314]
  [    0.47166     0.63104]
  [    0.50889     0.63143]
  [    0.45968     0.67609]
  [    0.51875     0.67785]
  [    0.45906     0.70399]
  [    0.51423     0.70656]
  [    0.47012     0.71893]
  [    0.50103     0.71879]
  [    0.44664      0.7357]
  [    0.51862     0.73621]
  [    0.42216     0.80533]
  [    0.52683     0.80555]]]","[0, 0]"
32,"[[[          0           0]
  [          0           0]
  [          0           0]
  [    0.29406     0.62908]
  [    0.31369     0.62111]
  [    0.29015       0.673]
  [    0.33232     0.65964]
  [    0.27795     0.73393]
  [    0.35978     0.71608]
  [    0.26977     0.77058]
  [    0.36328     0.75854]
  [    0.31221     0.78132]
  [    0.33729     0.77543]
  [    0.30384     0.86164]
  [    0.32034     0.85587]
  [    0.31209     0.95213]
  [    0.31717      0.9413]]]","[[[          0           0]
  [          0           0]
  [          0           0]
  [    0.49539      0.5895]
  [    0.50968     0.59238]
  [    0.48112     0.62633]
  [    0.51656     0.63232]
  [    0.47045     0.66485]
  [    0.52472     0.67866]
  [    0.47679     0.69143]
  [    0.52499      0.7005]
  [    0.47643     0.71327]
  [    0.50636     0.71678]
  [    0.45503     0.73995]
  [     0.5285     0.74426]
  [    0.42331     0.79712]
  [     0.5304     0.80358]]]","[0, 0]"
33,"[[[          0           0]
  [          0           0]
  [          0           0]
  [    0.30403     0.62746]
  [    0.32276     0.62148]
  [    0.29673     0.67388]
  [    0.34061     0.66455]
  [    0.28014     0.73656]
  [    0.36582     0.72283]
  [     0.2678     0.78265]
  [    0.36437     0.77519]
  [    0.31636      0.7834]
  [    0.34431     0.77969]
  [     0.3068     0.86058]
  [    0.33715      0.8567]
  [    0.31456     0.95019]
  [     0.3428     0.94226]]]","[[[          0           0]
  [          0           0]
  [          0           0]
  [    0.50692     0.58448]
  [    0.52113     0.58788]
  [    0.49217     0.62101]
  [    0.52587     0.62784]
  [     0.4783     0.66094]
  [    0.53437     0.67629]
  [    0.48544     0.69214]
  [    0.53964     0.70229]
  [    0.48667     0.71487]
  [    0.51429     0.71867]
  [    0.46236     0.74775]
  [    0.52936     0.75221]
  [    0.42965     0.79737]
  [    0.52507     0.80488]]]","[0, 0]"
34,"[[[          0           0]
  [          0           0]
  [          0           0]
  [    0.31339     0.63583]
  [    0.33672     0.62898]
  [    0.30286     0.68202]
  [    0.35082     0.67187]
  [    0.29159     0.74264]
  [    0.36398     0.73542]
  [    0.27851      0.7746]
  [    0.36498     0.78555]
  [    0.31882      0.7884]
  [    0.35225     0.78414]
  [    0.30569     0.86818]
  [    0.34676     0.85826]
  [    0.31548     0.95365]
  [    0.35934     0.93696]]]","[[[          0           0]
  [          0           0]
  [          0           0]
  [    0.52132     0.58256]
  [    0.53544     0.58986]
  [    0.50316     0.61502]
  [    0.53899     0.62879]
  [    0.48578     0.64648]
  [    0.54415     0.67271]
  [    0.49134     0.67462]
  [          0           0]
  [    0.49436     0.70296]
  [    0.52302     0.70946]
  [    0.46748     0.74431]
  [     0.5299     0.75204]
  [    0.44128     0.79861]
  [    0.52824     0.81031]]]","[0, 0]"
35,"[[[          0           0]
  [          0           0]
  [          0           0]
  [    0.31348     0.63574]
  [     0.3367     0.62885]
  [    0.30297     0.68189]
  [    0.35078     0.67182]
  [    0.29174     0.74215]
  [    0.36413     0.73537]
  [    0.27862     0.77354]
  [    0.36516     0.78583]
  [    0.31884     0.78817]
  [    0.35218     0.78387]
  [    0.30552     0.86779]
  [    0.34655     0.85768]
  [    0.31526     0.95317]
  [    0.35935     0.93615]]]","[[[          0           0]
  [          0           0]
  [          0           0]
  [    0.52158     0.58154]
  [    0.53552     0.58899]
  [    0.50321     0.61459]
  [    0.53908     0.62862]
  [    0.48558     0.64608]
  [    0.54406     0.67274]
  [    0.49122     0.67501]
  [          0           0]
  [    0.49413     0.70304]
  [     0.5228     0.70969]
  [    0.46772     0.74401]
  [    0.53003     0.75194]
  [    0.44127     0.79851]
  [      0.528     0.81047]]]","[0, 0]"
36,"[[[          0           0]
  [          0           0]
  [          0           0]
  [    0.32295     0.63908]
  [    0.34571     0.63238]
  [    0.31113     0.68436]
  [    0.35804     0.67509]
  [    0.29974     0.74532]
  [    0.36933     0.73977]
  [    0.28607     0.77384]
  [    0.37151     0.78575]
  [    0.32324     0.78972]
  [    0.35726     0.78608]
  [    0.31014     0.86761]
  [    0.36054     0.85811]
  [    0.31733     0.95318]
  [    0.37708     0.93704]]]","[[[          0           0]
  [          0           0]
  [          0           0]
  [    0.53218     0.57676]
  [    0.54501     0.58429]
  [    0.51623     0.60926]
  [    0.54534      0.6223]
  [    0.49883     0.63821]
  [    0.54682      0.6611]
  [    0.50177      0.6447]
  [    0.54865     0.66089]
  [    0.50392     0.69739]
  [     0.5264     0.70298]
  [    0.48297     0.74709]
  [    0.52872     0.75371]
  [    0.46395     0.79917]
  [    0.52541     0.80975]]]","[0, 0]"
37,"[[[          0           0]
  [          0           0]
  [          0           0]
  [     0.3333     0.63732]
  [    0.35508     0.63081]
  [    0.32217     0.68291]
  [    0.36229     0.67466]
  [    0.30892     0.73959]
  [    0.37469     0.73687]
  [    0.29262     0.77009]
  [    0.37815     0.78007]
  [    0.33483      0.7898]
  [    0.36554     0.78601]
  [     0.3141     0.86673]
  [    0.37217     0.85483]
  [    0.32053     0.94632]
  [    0.39884     0.92714]]]","[[[          0           0]
  [          0           0]
  [          0           0]
  [    0.53972     0.57355]
  [    0.55377     0.58142]
  [    0.52249     0.60135]
  [    0.55186     0.61487]
  [     0.5042     0.63123]
  [    0.55326     0.65286]
  [    0.50848      0.6449]
  [    0.55747     0.66021]
  [    0.51068     0.69118]
  [    0.53203     0.69727]
  [    0.49777     0.74965]
  [    0.53291     0.75607]
  [    0.48319      0.8051]
  [    0.52714     0.81634]]]","[0, 0]"
38,"[[[          0           0]
  [          0           0]
  [          0           0]
  [    0.34207     0.63442]
  [    0.36422     0.62907]
  [    0.32929     0.67845]
  [    0.37357     0.67232]
  [    0.31697     0.73748]
  [    0.38633       0.737]
  [     0.3003     0.77173]
  [    0.39203     0.77116]
  [     0.3385      0.7881]
  [    0.37215      0.7848]
  [    0.31977     0.86299]
  [    0.38143     0.85569]
  [    0.31789     0.94652]
  [    0.40035     0.93261]]]","[[[          0           0]
  [          0           0]
  [          0           0]
  [          0           0]
  [    0.56217     0.58214]
  [    0.53252     0.60488]
  [    0.55632       0.616]
  [    0.51709     0.64032]
  [      0.557     0.65902]
  [    0.52703     0.66439]
  [    0.56554     0.67895]
  [    0.52085     0.69496]
  [     0.5361     0.70048]
  [    0.52077     0.75195]
  [    0.53393     0.75771]
  [    0.51296     0.80113]
  [    0.52192     0.81213]]]","[0, 0]"
39,"[[[          0           0]
  [          0           0]
  [          0           0]
  [    0.35341     0.62738]
  [          0           0]
  [    0.34364     0.67296]
  [     0.3834     0.66692]
  [    0.33011     0.73037]
  [    0.39466     0.72871]
  [    0.31188     0.76766]
  [    0.39475     0.76023]
  [    0.35243     0.77699]
  [    0.38389     0.77435]
  [    0.33299     0.86141]
  [    0.39418     0.85384]
  [    0.32575     0.95172]
  [    0.40952     0.93395]]]","[[[          0           0]
  [          0           0]
  [          0           0]
  [          0           0]
  [    0.56816     0.57581]
  [    0.54649     0.59974]
  [    0.55705     0.60862]
  [    0.54749     0.64872]
  [    0.55912      0.6628]
  [          0           0]
  [    0.57059     0.69816]
  [    0.53104     0.69125]
  [     0.5384     0.69583]
  [    0.53415     0.75751]
  [    0.54218      0.7614]
  [    0.53025     0.81225]
  [    0.53705     0.82171]]]","[0, 0]"
40,"[[[          0           0]
  [          0           0]
  [          0           0]
  [    0.36297     0.62107]
  [    0.38437     0.61522]
  [    0.35345     0.66351]
  [    0.39155     0.65823]
  [    0.34196     0.72303]
  [    0.40323      0.7226]
  [    0.32435     0.75825]
  [    0.40197     0.75224]
  [    0.36204     0.77218]
  [    0.39142     0.77016]
  [    0.34492     0.85108]
  [    0.39973     0.84818]
  [    0.33182     0.93539]
  [    0.40559     0.92624]]]","[[[          0           0]
  [          0           0]
  [    0.58352     0.58692]
  [          0           0]
  [    0.57784     0.58418]
  [    0.55372     0.60348]
  [    0.56795     0.61319]
  [          0           0]
  [    0.57091     0.66743]
  [          0           0]
  [    0.57803     0.70792]
  [    0.54044     0.69908]
  [    0.55022     0.70402]
  [    0.55535     0.75545]
  [    0.56266      0.7591]
  [    0.55553      0.8205]
  [    0.56046     0.82905]]]","[0, 0]"
41,"[[[          0           0]
  [          0           0]
  [          0           0]
  [    0.36297      0.6212]
  [     0.3844     0.61534]
  [    0.35337     0.66358]
  [    0.39162     0.65823]
  [    0.34187     0.72314]
  [    0.40337     0.72242]
  [    0.32424     0.75836]
  [    0.40191     0.75166]
  [    0.36199      0.7723]
  [    0.39147     0.77024]
  [    0.34485     0.85096]
  [    0.39981     0.84799]
  [    0.33169     0.93536]
  [    0.40563     0.92609]]]","[[[          0           0]
  [          0           0]
  [          0           0]
  [          0           0]
  [    0.57781      0.5845]
  [    0.55324     0.60415]
  [    0.56837     0.61372]
  [          0           0]
  [     0.5713     0.66765]
  [          0           0]
  [    0.57804     0.70804]
  [    0.54086     0.69973]
  [     0.5512      0.7046]
  [    0.55527     0.75622]
  [    0.56281     0.75979]
  [     0.5556     0.82046]
  [    0.56059     0.82885]]]","[0, 0]"
42,"[[[          0           0]
  [          0           0]
  [          0           0]
  [    0.37133     0.61369]
  [          0           0]
  [    0.36424     0.65568]
  [    0.40351     0.64933]
  [    0.35126     0.71674]
  [    0.41262     0.70897]
  [    0.33554     0.75455]
  [    0.40914     0.73434]
  [    0.36966     0.76494]
  [    0.39906     0.76165]
  [    0.35325     0.84372]
  [    0.40082     0.83997]
  [    0.34506     0.93045]
  [    0.40602     0.92013]]]","[[[    0.59381     0.59597]
  [          0           0]
  [    0.59269     0.58814]
  [          0           0]
  [    0.58673     0.58519]
  [     0.5692     0.61055]
  [    0.57238     0.61418]
  [    0.56983     0.66163]
  [    0.56692     0.66821]
  [          0           0]
  [     0.5763     0.70399]
  [    0.55191     0.70211]
  [    0.55471     0.70598]
  [     0.5718     0.74662]
  [    0.57577     0.75039]
  [    0.56483     0.80952]
  [    0.56869     0.81693]]]","[0, 0]"
43,"[[[          0           0]
  [          0           0]
  [          0           0]
  [    0.38108     0.59823]
  [    0.39818     0.59598]
  [    0.37326     0.64393]
  [    0.41229     0.63868]
  [    0.35938     0.70322]
  [    0.42732     0.69443]
  [    0.34956     0.73842]
  [    0.42053      0.7347]
  [    0.37894     0.75358]
  [    0.40623     0.75045]
  [    0.36787     0.83417]
  [    0.40756     0.83148]
  [    0.36369     0.92032]
  [    0.41106     0.91505]]]","[[[    0.60141     0.61191]
  [          0           0]
  [    0.60069     0.60424]
  [          0           0]
  [    0.59433     0.59999]
  [    0.57214      0.6208]
  [    0.58065     0.62698]
  [          0           0]
  [    0.57366     0.68302]
  [          0           0]
  [    0.58091     0.72078]
  [    0.55614     0.71597]
  [     0.5627     0.72016]
  [    0.57509     0.76777]
  [    0.58508     0.77096]
  [    0.56887     0.83289]
  [    0.58057     0.84081]]]","[0, 0]"
44,"[[[          0           0]
  [          0           0]
  [          0           0]
  [    0.38884     0.59001]
  [    0.40818      0.5874]
  [     0.3802     0.63788]
  [    0.42014     0.63175]
  [    0.36594     0.69989]
  [    0.43219     0.68982]
  [    0.35964     0.73402]
  [    0.42654     0.72835]
  [    0.38758     0.74793]
  [    0.41459     0.74432]
  [    0.38045     0.82501]
  [    0.41159     0.82197]
  [    0.37883     0.90901]
  [     0.4112     0.90387]]]","[[[    0.61098     0.61889]
  [          0           0]
  [    0.60956     0.61164]
  [          0           0]
  [    0.60158     0.60973]
  [    0.58808     0.63588]
  [    0.58492     0.63958]
  [          0           0]
  [    0.57476     0.69861]
  [          0           0]
  [    0.58631     0.73083]
  [     0.5698     0.72874]
  [    0.56745     0.73271]
  [    0.59394     0.77433]
  [    0.58835     0.77804]
  [    0.58341     0.82955]
  [    0.57449     0.83768]]]","[0, 0]"
45,"[[[          0           0]
  [          0           0]
  [          0           0]
  [    0.39575     0.58474]
  [    0.41606     0.58232]
  [    0.38883     0.63216]
  [    0.42878     0.62609]
  [    0.37449     0.69388]
  [    0.44195     0.68289]
  [    0.36197     0.73649]
  [    0.43293     0.73186]
  [    0.39572     0.74113]
  [    0.42108     0.73722]
  [    0.39478     0.82287]
  [    0.41291     0.81933]
  [    0.40029     0.90442]
  [     0.4119     0.89812]]]","[[[          0           0]
  [          0           0]
  [          0           0]
  [          0           0]
  [    0.61242     0.62314]
  [    0.58665     0.63899]
  [    0.59866     0.65092]
  [    0.57562     0.69696]
  [    0.59094      0.7117]
  [    0.58333     0.74329]
  [    0.59742     0.75356]
  [    0.56879      0.7342]
  [    0.58155     0.74122]
  [    0.57872     0.78098]
  [    0.61933     0.78683]
  [     0.5651     0.84134]
  [    0.62945     0.85239]]]","[0, 0]"
46,"[[[          0           0]
  [          0           0]
  [          0           0]
  [    0.40474     0.57848]
  [    0.42467     0.57757]
  [    0.39652     0.62695]
  [    0.43633     0.62353]
  [    0.38307      0.6882]
  [     0.4502       0.681]
  [    0.37046     0.73399]
  [     0.4406     0.73157]
  [    0.40165     0.73524]
  [    0.42737     0.73278]
  [    0.40308     0.81514]
  [     0.4218     0.81279]
  [    0.40908     0.89619]
  [    0.42283     0.89193]]]","[[[          0           0]
  [          0           0]
  [          0           0]
  [    0.61348     0.62781]
  [    0.62728     0.62844]
  [    0.60476     0.65887]
  [    0.62176     0.66732]
  [     0.5801      0.6955]
  [     0.6076     0.71864]
  [    0.57396     0.72275]
  [    0.59689     0.74156]
  [    0.59113     0.75467]
  [    0.61042     0.75875]
  [    0.58053     0.78642]
  [    0.63894     0.79506]
  [     0.5612     0.85626]
  [    0.66418     0.86519]]]","[0, 0]"
47,"[[[          0           0]
  [          0           0]
  [          0           0]
  [     0.4048     0.57817]
  [    0.42457     0.57734]
  [    0.39643     0.62692]
  [    0.43606     0.62362]
  [    0.38298     0.68816]
  [    0.45014     0.68115]
  [    0.37043     0.73365]
  [    0.44075     0.73133]
  [    0.40151     0.73531]
  [    0.42709     0.73291]
  [    0.40281     0.81515]
  [     0.4214     0.81284]
  [    0.40875     0.89595]
  [     0.4223     0.89181]]]","[[[          0           0]
  [          0           0]
  [          0           0]
  [    0.61352     0.62803]
  [    0.62738      0.6285]
  [    0.60474     0.65909]
  [    0.62165     0.66756]
  [    0.58015      0.6959]
  [    0.60796     0.71951]
  [    0.57454     0.72309]
  [    0.59795     0.74309]
  [    0.59112     0.75487]
  [     0.6104     0.75896]
  [    0.58055     0.78689]
  [    0.63925     0.79542]
  [    0.56064     0.85637]
  [    0.66458     0.86505]]]","[0, 0]"
48,"[[[          0           0]
  [          0           0]
  [          0           0]
  [    0.41343     0.57605]
  [    0.43248     0.57532]
  [    0.40298     0.62382]
  [    0.44307     0.62101]
  [    0.38883     0.68233]
  [    0.45804     0.67633]
  [    0.37817      0.7272]
  [    0.45034     0.72527]
  [    0.40943     0.72921]
  [    0.43551     0.72777]
  [    0.41272     0.80925]
  [    0.43291     0.80763]
  [    0.41626     0.88799]
  [    0.43177     0.88529]]]","[[[    0.62981     0.63485]
  [          0           0]
  [          0           0]
  [          0           0]
  [    0.63065     0.63222]
  [    0.62194     0.66708]
  [    0.61418     0.66607]
  [    0.61226     0.69207]
  [    0.60215     0.69201]
  [    0.61449      0.6459]
  [    0.60936     0.63582]
  [    0.60304     0.76385]
  [    0.60692     0.76521]
  [    0.58872     0.79453]
  [    0.64326     0.79909]
  [    0.56512     0.86024]
  [    0.67669     0.86667]]]","[0, 0]"
49,"[[[          0           0]
  [          0           0]
  [          0           0]
  [    0.42266     0.57705]
  [    0.44016     0.57679]
  [     0.4112     0.62281]
  [    0.44897     0.62081]
  [    0.39566     0.68282]
  [    0.46217     0.67704]
  [    0.38598     0.72706]
  [    0.45544     0.72526]
  [    0.41852     0.72964]
  [    0.44277     0.72857]
  [    0.42252     0.81011]
  [    0.44008     0.80848]
  [    0.42665     0.89163]
  [    0.43701     0.88961]]]","[[[    0.62565      0.6439]
  [    0.62998     0.63713]
  [          0           0]
  [    0.63597     0.64352]
  [          0           0]
  [    0.62864       0.681]
  [    0.63618     0.68473]
  [    0.60535     0.72505]
  [     0.6219     0.73816]
  [    0.60264     0.73344]
  [          0           0]
  [     0.6077     0.78341]
  [    0.62247     0.78445]
  [      0.587     0.80837]
  [    0.65226     0.81435]
  [    0.56236     0.87655]
  [    0.68201     0.88043]]]","[0, 0]"
50,"[[[          0           0]
  [          0           0]
  [          0           0]
  [     0.4316     0.57561]
  [    0.44853     0.57641]
  [    0.41832     0.62195]
  [    0.45652     0.62246]
  [     0.4041     0.68034]
  [    0.46978     0.67979]
  [    0.39806     0.72068]
  [     0.4651     0.72163]
  [    0.42587     0.73099]
  [    0.45228     0.73198]
  [    0.42647     0.80999]
  [    0.45928     0.81017]
  [    0.42579     0.88926]
  [    0.46234     0.89041]]]","[[[          0           0]
  [          0           0]
  [          0           0]
  [          0           0]
  [    0.65775     0.65595]
  [    0.64551     0.68786]
  [    0.64008     0.69428]
  [    0.63545     0.73321]
  [    0.63379     0.75169]
  [    0.64841     0.77108]
  [    0.64847     0.79021]
  [    0.61713     0.77924]
  [    0.62418     0.78316]
  [    0.60525     0.83329]
  [     0.6681     0.84568]
  [    0.56605     0.89082]
  [    0.69729     0.91511]]]","[0, 0]"
51,"[[[          0           0]
  [          0           0]
  [          0           0]
  [    0.43773      0.5772]
  [    0.45735     0.57843]
  [      0.425     0.62211]
  [    0.46422     0.62273]
  [    0.41106     0.68024]
  [    0.47623     0.67654]
  [    0.40894     0.70442]
  [    0.47309     0.70031]
  [    0.43201     0.73064]
  [    0.46041     0.73107]
  [    0.42926     0.80624]
  [    0.47307     0.80538]
  [     0.4313     0.88091]
  [    0.48643     0.88068]]]","[[[          0           0]
  [          0           0]
  [          0           0]
  [    0.65941     0.67109]
  [          0           0]
  [    0.66077     0.68794]
  [    0.66197     0.71557]
  [    0.63402     0.67017]
  [    0.65398     0.76234]
  [    0.63323     0.64571]
  [      0.659     0.78593]
  [    0.62988     0.78509]
  [    0.64011     0.79465]
  [    0.60501     0.84642]
  [    0.67275      0.8675]
  [    0.56787     0.90246]
  [    0.70379     0.93612]]]","[0, 0]"
52,"[[[          0           0]
  [          0           0]
  [          0           0]
  [    0.44956     0.57855]
  [    0.46471     0.58063]
  [    0.43584     0.62236]
  [    0.47129      0.6251]
  [    0.42273     0.67738]
  [    0.48372     0.67912]
  [    0.42013     0.71271]
  [    0.48135     0.71401]
  [    0.44168     0.72832]
  [    0.46883     0.73025]
  [    0.43471     0.80503]
  [    0.48747     0.80579]
  [    0.43181     0.87801]
  [    0.50406     0.88015]]]","[[[          0           0]
  [          0           0]
  [          0           0]
  [    0.66762     0.68034]
  [          0           0]
  [    0.67098     0.69941]
  [    0.66799     0.71895]
  [    0.64303     0.66593]
  [    0.65353     0.71236]
  [    0.63773     0.64839]
  [    0.64004     0.69592]
  [    0.63991     0.79185]
  [    0.64736     0.79924]
  [    0.61059      0.8524]
  [    0.67725     0.87606]
  [    0.57299      0.9101]
  [    0.70902     0.94863]]]","[0, 0]"
53,"[[[          0           0]
  [          0           0]
  [          0           0]
  [    0.44962     0.57842]
  [    0.46451     0.58055]
  [    0.43581     0.62224]
  [    0.47105      0.6251]
  [    0.42269      0.6773]
  [     0.4833     0.67927]
  [    0.42025     0.71219]
  [    0.48098     0.71364]
  [    0.44161     0.72837]
  [    0.46867     0.73039]
  [     0.4345     0.80568]
  [    0.48767      0.8065]
  [    0.43117     0.87919]
  [    0.50406      0.8815]]]","[[[          0           0]
  [          0           0]
  [          0           0]
  [     0.6679     0.67973]
  [          0           0]
  [    0.67135      0.6991]
  [    0.66782      0.7189]
  [    0.64336     0.66535]
  [    0.65305     0.71134]
  [    0.63825     0.64831]
  [    0.63964     0.69415]
  [     0.6403     0.79159]
  [    0.64739      0.7992]
  [    0.61106     0.85255]
  [    0.67725     0.87672]
  [    0.57318      0.9097]
  [    0.70892     0.94906]]]","[0, 0]"
54,"[[[          0           0]
  [          0           0]
  [          0           0]
  [    0.45675     0.58278]
  [    0.47218     0.58398]
  [    0.44128     0.62597]
  [    0.48022     0.62782]
  [    0.42776     0.67668]
  [    0.49463     0.67803]
  [    0.42709     0.70163]
  [    0.49298     0.70333]
  [     0.4484     0.72831]
  [     0.4779     0.73023]
  [    0.43892     0.79871]
  [    0.49488     0.79942]
  [    0.43143     0.87296]
  [    0.50599     0.87511]]]","[[[          0           0]
  [          0           0]
  [          0           0]
  [          0           0]
  [    0.68812     0.71535]
  [    0.67074     0.72533]
  [    0.67896     0.74938]
  [    0.64038     0.74375]
  [    0.67109     0.82026]
  [    0.63742     0.72592]
  [    0.68075     0.86347]
  [    0.64478     0.80957]
  [    0.65969     0.81914]
  [     0.6265     0.86688]
  [    0.69923     0.88348]
  [    0.56954     0.90204]
  [    0.70345     0.93551]]]","[0, 0]"
55,"[[[          0           0]
  [          0           0]
  [          0           0]
  [      0.464      0.5819]
  [    0.48062     0.58175]
  [    0.45068     0.62456]
  [    0.48899     0.62426]
  [    0.43785     0.67602]
  [    0.50087     0.67432]
  [    0.43999     0.69858]
  [    0.50039     0.69726]
  [    0.45973     0.72575]
  [    0.48792     0.72619]
  [    0.45022     0.79739]
  [    0.49854     0.79698]
  [    0.44483        0.87]
  [    0.50702     0.87046]]]","[[[          0           0]
  [          0           0]
  [          0           0]
  [    0.69136     0.73973]
  [    0.70153     0.74353]
  [    0.67458     0.76776]
  [     0.6979     0.77185]
  [    0.64418      0.7516]
  [    0.67641     0.75795]
  [    0.63922     0.73408]
  [    0.66323     0.74185]
  [    0.65609     0.85872]
  [    0.67374     0.85935]
  [    0.62124     0.88212]
  [    0.66085     0.88368]
  [    0.59284     0.90764]
  [    0.64183     0.91345]]]","[0, 0]"
56,"[[[          0           0]
  [          0           0]
  [          0           0]
  [    0.47057     0.57602]
  [    0.48579     0.57632]
  [    0.45746     0.61801]
  [    0.49404     0.61837]
  [    0.44636     0.66915]
  [    0.50791     0.66929]
  [    0.44775      0.6926]
  [    0.50897     0.69264]
  [     0.4666     0.71933]
  [    0.49286     0.72021]
  [    0.45792     0.79321]
  [     0.4996     0.79314]
  [    0.45426     0.86432]
  [    0.50616     0.86567]]]","[[[      0.711     0.75777]
  [    0.71399     0.75205]
  [    0.70907     0.74876]
  [          0           0]
  [    0.70183     0.74702]
  [    0.70488     0.79019]
  [    0.68945     0.76717]
  [    0.69607     0.82835]
  [     0.6631     0.77099]
  [    0.69519     0.85047]
  [    0.64609     0.77061]
  [    0.67037     0.87015]
  [    0.65913     0.85805]
  [     0.6681     0.89022]
  [    0.65189     0.88119]
  [    0.65052     0.91257]
  [     0.6263     0.89921]]]","[0, 0]"
57,"[[[          0           0]
  [          0           0]
  [          0           0]
  [    0.47656     0.57019]
  [    0.49016     0.57029]
  [    0.46304     0.60986]
  [    0.49858     0.61047]
  [    0.45264     0.66017]
  [    0.51392     0.66141]
  [    0.45503     0.68774]
  [    0.51656     0.68856]
  [    0.47267     0.71153]
  [    0.49767     0.71296]
  [    0.46692     0.78878]
  [    0.50499     0.78923]
  [    0.46197     0.86235]
  [     0.5069     0.86468]]]","[[[    0.72416     0.77535]
  [    0.72886     0.76866]
  [    0.72085     0.76426]
  [          0           0]
  [    0.70998     0.75965]
  [    0.71078     0.79922]
  [    0.69755     0.78461]
  [    0.71496     0.85066]
  [    0.70049     0.83256]
  [    0.73297     0.88117]
  [    0.71768     0.86107]
  [    0.68148     0.87856]
  [    0.67063     0.87534]
  [    0.72504     0.89733]
  [    0.71742     0.89749]
  [    0.71208     0.96905]
  [    0.70337     0.96627]]]","[0, 0]"
58,"[[[          0           0]
  [          0           0]
  [          0           0]
  [          0           0]
  [    0.50022     0.55961]
  [    0.47071      0.5991]
  [    0.50758     0.59925]
  [    0.45903     0.65143]
  [    0.51817     0.65179]
  [    0.46449      0.6746]
  [    0.52116     0.67365]
  [    0.48066     0.70303]
  [    0.50578      0.7041]
  [    0.47956      0.7762]
  [    0.51044     0.77666]
  [     0.4761     0.85347]
  [    0.50885     0.85582]]]","[[[    0.73512     0.78726]
  [          0           0]
  [    0.73246      0.7788]
  [          0           0]
  [    0.72445      0.7756]
  [    0.72257      0.8066]
  [    0.71187     0.80206]
  [    0.73093     0.85664]
  [    0.71335     0.84856]
  [    0.76307     0.89426]
  [     0.7342     0.86955]
  [    0.67581     0.86228]
  [    0.67294      0.8587]
  [    0.67025     0.90071]
  [    0.68834      0.9069]
  [    0.62697     0.91346]
  [    0.66709     0.93334]]]","[0, 0]"
59,"[[[          0           0]
  [          0           0]
  [          0           0]
  [          0           0]
  [    0.50008     0.56019]
  [    0.47062     0.59946]
  [    0.50763     0.59951]
  [      0.459     0.65154]
  [    0.51827     0.65178]
  [    0.46454     0.67243]
  [    0.52117     0.67132]
  [    0.48056     0.70381]
  [    0.50593     0.70477]
  [    0.47828     0.77873]
  [    0.51046      0.7791]
  [    0.47474     0.85531]
  [    0.50947     0.85746]]]","[[[    0.73235     0.78537]
  [    0.73595      0.7799]
  [    0.73046      0.7763]
  [          0           0]
  [    0.72459     0.76806]
  [    0.72249     0.79888]
  [    0.71205     0.78231]
  [    0.73771     0.85282]
  [    0.71393     0.81912]
  [    0.76295     0.89846]
  [    0.71607     0.84609]
  [    0.67943     0.86642]
  [    0.66973     0.85829]
  [    0.70335     0.90243]
  [    0.68004     0.89767]
  [    0.68873      0.9361]
  [    0.64805     0.92888]]]","[0, 0]"
60,"[[[          0           0]
  [          0           0]
  [          0           0]
  [          0           0]
  [    0.50251     0.55339]
  [    0.47245     0.59654]
  [    0.50988     0.59593]
  [    0.46439     0.64915]
  [     0.5239     0.64884]
  [    0.46872     0.67365]
  [    0.52645     0.67211]
  [    0.48387     0.69919]
  [    0.50932     0.70048]
  [    0.48529      0.7738]
  [    0.51281     0.77413]
  [    0.48277     0.85254]
  [    0.51087     0.85455]]]","[[[    0.74027     0.79017]
  [          0           0]
  [    0.73785     0.78251]
  [          0           0]
  [    0.73172     0.77961]
  [    0.71728     0.79018]
  [    0.71996     0.81113]
  [    0.71602     0.83441]
  [     0.7327     0.88271]
  [    0.74126     0.85994]
  [    0.76663     0.90422]
  [    0.66922     0.85074]
  [    0.67649     0.85802]
  [    0.67158      0.8836]
  [    0.71308     0.90195]
  [    0.62032     0.90887]
  [    0.69676     0.93933]]]","[0, 0]"
61,"[[[          0           0]
  [          0           0]
  [          0           0]
  [    0.49012     0.55023]
  [    0.50615     0.54985]
  [    0.47658     0.59307]
  [    0.51439     0.59254]
  [    0.46861     0.64416]
  [    0.53064     0.64302]
  [    0.47127     0.66803]
  [    0.53249     0.66658]
  [     0.4881     0.69537]
  [    0.51402      0.6967]
  [    0.48895       0.768]
  [    0.52026     0.76809]
  [    0.48764     0.84864]
  [    0.52141     0.85052]]]","[[[          0           0]
  [          0           0]
  [          0           0]
  [          0           0]
  [    0.73628     0.78314]
  [    0.70804     0.76951]
  [    0.73103     0.81862]
  [    0.66918     0.78046]
  [    0.73781     0.89055]
  [    0.65554     0.79528]
  [    0.76798      0.9052]
  [    0.66751     0.84913]
  [    0.68761     0.86697]
  [    0.66092     0.87582]
  [    0.72405     0.90649]
  [    0.61924     0.89947]
  [    0.72315      0.9406]]]","[0, 0]"
62,"[[[          0           0]
  [          0           0]
  [          0           0]
  [     0.4964     0.54797]
  [    0.51118     0.54809]
  [     0.4826     0.58998]
  [    0.51856     0.59046]
  [     0.4731     0.64369]
  [    0.53255     0.64326]
  [    0.47607     0.67736]
  [    0.53538     0.67645]
  [    0.49406     0.69212]
  [    0.51899      0.6939]
  [    0.49416     0.76829]
  [     0.5278     0.76855]
  [    0.49073     0.84537]
  [    0.52981     0.84827]]]","[[[          0           0]
  [          0           0]
  [          0           0]
  [          0           0]
  [    0.73706     0.76704]
  [    0.70346     0.76211]
  [    0.73085     0.80911]
  [    0.66269     0.78098]
  [    0.73402     0.88099]
  [    0.65149     0.79815]
  [    0.75446     0.90839]
  [    0.66452     0.84624]
  [    0.68524     0.86506]
  [    0.66299      0.8782]
  [    0.71502     0.91172]
  [     0.6262     0.90253]
  [     0.7084     0.94815]]]","[0, 0]"
63,"[[[          0           0]
  [          0           0]
  [          0           0]
  [          0           0]
  [     0.5199     0.54944]
  [    0.48879     0.58905]
  [    0.52659     0.59143]
  [    0.47673     0.64482]
  [    0.53649     0.64723]
  [    0.48354     0.68552]
  [    0.53816     0.68533]
  [    0.49876     0.69496]
  [    0.52591     0.69719]
  [     0.4971      0.7688]
  [    0.53975     0.76994]
  [    0.49495     0.84572]
  [    0.54763     0.84899]]]","[[[          0           0]
  [          0           0]
  [          0           0]
  [          0           0]
  [    0.73275     0.75835]
  [    0.69393     0.75259]
  [    0.72638     0.79327]
  [    0.65674     0.78158]
  [     0.7262     0.85764]
  [    0.65326     0.80526]
  [    0.73529     0.88443]
  [    0.66588      0.8469]
  [    0.69151     0.86336]
  [    0.66536     0.88794]
  [    0.71599     0.91679]
  [    0.63505     0.92745]
  [    0.71569     0.96857]]]","[0, 0]"
